320x480 Mapping,480x320 Mapping,768x1024 Mapping,1024x768 Mapping,Exists in both 320x480 and 768x1024,Exists in both 480x320 and 1024x768
720x1280,,800x1216,1280x736,720x1449,1368x720
,1456x720,1200x1848,1280x800,720x1448,1480x720
720x1456,,900x1386,1920x1128,720x1465,1600x900
,1344x720,1200x1928,1280x752,720x1471,1280x720
,1440x810,800x1232,1440x846,720x1412,1920x1080
720x1344,1465x720,600x976,2000x1128,720x1515,
720x1440,1448x720,900x1440,1024x552,720x1470,
720x1381,1423x720,800x1280,1440x900,720x1407,
720x1422,1598x810,1200x1852,1920x1133,720x1480,
720x1411,1449x720,768x1024,1024x768,720x1208,
1080x2131,1440x720,800x1208,1536x1152,720x1418,
720x1424,2134x1080,900x1446,1500x846,720x1469,
720x1423,1424x720,1152x1536,,720x1454,
540x960,960x540,1200x1839,1920x1104,1080x2028,
720x1384,1384x720,1200x1824,1920x1119,720x1506,
1080x2094,1640x810,800x1276,1366x688,1080x2290,
,1381x720,1200x1920,1280x784,720x1442,
1080x2134,1411x720,800x1264,1340x736,1080x1920,
720x1396,1475x720,1200x1896,1208x800,,
720x1475,2130x1080,1200x1836,1920x1200,,
1080x2130,1406x720,1536x2048,1920x1176,,
720x1406,2132x1080,1600x2560,1280x728,,
810x1440,1436x720,900x1377,976x600,,
810x1598,2168x1080,900x1373,,,
1080x2132,1396x720,800x1224,1280x753,,
720x1436,1369x720,1600x2452,1024x600,,
1080x2076,1382x720,800x1260,2051x1200,,
,2224x1080,800x1223,2000x1116,,
1080x2224,2110x1080,800x1256,2560x1600,,
720x1382,2158x1080,600x1024,1440x837,,
1080x1776,2131x1080,1200x1916,2059x1200,,
1080x2016,1571x810,1287x1972,1280x780,,
1080x2110,1776x1080,1200x1844,2048x1536,,
1080x2168,1471x720,900x1368,1920x1116,,
810x1640,1422x720,600x979,1223x800,,
1080x2158,1646x810,800x1217,1280x672,,
1080x2186,2094x1080,600x960,1440x828,,
1080x2195,1412x720,1282x1969,2560x1492,,
720x1369,2016x1080,1200x1816,2560x1504,,
,2108x1080,900x1423,1920x1008,,
720x1184,2076x1080,1326x1562,1440x883,,
,2208x1080,,1440x833,,
1080x2208,2138x1080,1600x2464,,,
,2177x1080,1600x2476,1920x980,,
720x1365,1196x720,1200x1977,1280x744,,
1080x2107,1184x720,1600x2454,1280x737,,
1080x2177,2179x1080,900x1437,1280x776,,
480x888,1470x720,800x1196,2560x1516,,
720x1372,2140x1080,1200x1826,1500x837,,
810x1646,1637x810,1600x2455,2000x1104,,
1080x2128,1407x720,800x1226,2230x1314,,
1080x2179,1365x720,1200x1846,1920x1132,,
720x1464,2061x1080,1200x1904,1920x1096,,
720x1473,2129x1080,,1920x1000,,
1080x2137,2030x1080,1200x1831,979x600,,
1080x2042,2153x1080,1314x2024,1224x800,,
1080x2139,2042x1080,1200x2000,1837x1200,,
1080x2153,1387x720,900x1392,2000x1177,,
540x888,888x480,1200x1830,1280x746,,
,1376x720,900x1600,1280x675,,
810x1571,888x540,600x952,1920x1106,,
1080x2030,1626x810,1600x2458,1280x716,,
720x1193,1464x720,1200x1849,2000x1200,,
1080x2183,1193x720,1600x2440,2000x1136,,
720x1376,1472x720,800x1214,1920x1124,,
720x1472,1557x810,800x1219,2800x1650,,
,1473x720,600x980,2454x1600,,
1080x2060,,,1750x1050,,
810x1637,854x480,400x600,1366x696,,
810x1626,2047x1080,800x1221,2560x1498,,
720x1356,2069x1080,1752x2698,1500x852,,
480x854,2186x1080,,1920x1126,,
720x1360,1361x720,1200x1792,2048x1440,,
720x1358,800x480,800x1225,2084x1200,,
1080x2047,1371x720,1050x1621,1318x736,,
1080x2198,1649x810,720x1403,1280x739,,
1080x2178,1372x720,,1500x883,,
720x1410,2178x1080,,1024x556,,
720x1371,1427x720,,1839x1200,,
1080x2020,2176x1080,1200x1936,1301x651,,
1080x2218,1410x720,1200x1856,1920x1072,,
1080x2176,2183x1080,1200x1812,968x600,,
1080x1794,2190x1080,1200x1895,960x600,,
1080x2069,2199x1080,600x968,952x600,,
1080x2141,2161x1080,720x1474,1280x738,,
1080x2181,1794x1080,,1920x1092,,
,2020x1080,800x1234,2067x1200,,
720x1478,2033x1080,1200x1854,1280x759,,
,1441x720,720x1489,1440x852,,
720x1370,1373x720,1200x1842,1216x800,,
1080x2040,2038x1080,1395x2149,1440x881,,
1440x2560,1356x720,900x1428,1280x779,,
1080x2058,2040x1080,800x1227,2560x1566,,
1080x2160,1370x720,1200x1897,1920x1032,,
1080x2199,2195x1080,800x1259,1920x1134,,
,,900x1452,1280x740,,
1080x2190,1459x720,1600x2524,1962x1200,,
720x1459,2034x1080,720x1409,1680x1050,,
720x1404,2123x1080,720x1416,1920x1122,,
1080x2161,1466x720,768x1294,1920x1121,,
1080x1812,1357x720,1326x1627,1280x734,,
810x1649,2068x1080,768x1320,1242x618,,
720x1196,1359x720,,1920x1058,,
720x1399,1583x810,720x1417,1656x1232,,
1080x2034,1795x1080,800x1218,1920x1111,,
1080x2032,1404x720,792x1220,1500x828,,
1080x2220,2128x1080,720x1496,1280x741,,
480x800,1469x720,720x1458,2560x1517,,
1080x2225,2340x1080,720x1502,1188x587,,
720x1445,1418x720,720x1528,2021x1036,,
1080x2123,2160x1080,720x1508,1920x1177,,
720x1466,1460x720,720x1457,1920x1040,,
720x1544,2192x1080,1080x2226,1920x1171,,
1080x2192,1445x720,720x1437,1920x1168,,
810x1557,1633x810,,2060x1200,,
1080x2200,2198x1080,720x1479,1280x754,,
1080x2081,1432x720,1080x2171,1280x755,,
1080x2068,1536x864,720x1514,1565x810,,
1080x2265,2200x1080,1080x2239,2240x1327,,
,1478x720,720x1462,1024x536,,
1080x2214,1332x720,1600x2434,1366x832,,
810x1583,2260x1080,1536x1952,1208x720,,
1080x2196,2265x1080,1600x2526,2000x1134,,
1080x2121,1379x720,,2240x1400,,
720x1450,2111x1080,720x1497,1920x1115,,
,1675x864,1200x1888,1280x743,,
,2214x1080,1303x1982,550x385,,
720x1481,1452x720,1080x2175,1680x992,,
1080x2150,1544x720,720x1507,1750x992,,
720x1460,1454x720,1080x2235,1836x1200,,
1080x2340,2141x1080,1080x2241,1920x1129,,
720x1520,1661x864,720x1516,1440x819,,
720x1439,2264x1036,1272x1963,1830x1200,,
1080x2285,1399x720,720x1512,1518x773,,
720x1332,2028x1080,,,,
1080x2172,2181x1080,900x1359,2560x1495,,
720x1368,1358x720,,1920x1110,,
720x1362,2058x1080,720x1414,1745x881,,
1080x2038,2167x1080,720x1463,1920x1172,,
1080x2064,2180x1080,720x1532,1022x552,,
720x1452,2064x1080,,1280x747,,
1080x2037,,,1920x1136,,
720x1379,2298x1036,,1803x1200,,
720x1441,1585x810,,1495x671,,
,2062x1080,720x1429,1920x1175,,
,2172x1080,,1280x758,,
1080x2147,1444x720,1200x1835,1920x1114,,
1080x2173,2264x1080,500x800,1280x742,,
720x1444,2210x1080,1200x1974,,,
1080x2394,1360x720,1200x1866,2452x1600,,