480x320 Mapping,320x480 Mapping,768x1024 Mapping,1024x768 Mapping
2532x1170,1170x2532,1488x2266,2266x1488
2340x1080,1080x2340,1620x2160,2160x1620
2778x1284,1284x2778,2048x2732,2732x2048
2532x1170,1170x2532,1668x2388,2388x1668
1334x750,750x1334,1640x2360,2360x1640
2688x1242,1242x2688,768x1024,1024x768
2436x1125,1125x2436,1536x2048,2048x1536
1792x828,828x1792,1668x2224,2224x1668
2688x1242,1242x2688,,
2436x1125,1125x2436,,
1920x1080,1080x1920,,
1334x750,750x1334,,
2208x1242,1242x2208,,
1334x750,750x1334,,
1136x640,640x1136,,
2208x1242,1242x2208,,
1334x750,750x1334,,